hash_match,size_diff,time_diff,label
1,0,2.9468155837040824,0
1,0,0.8886561502220042,0
0,28,4.586917556575804,1
0,30,2.9143665181173404,1
0,36,2.968233533395508,1
1,0,3.029725782056907,0
1,0,2.4601662442365364,0
0,23,3.224496258776507,1
1,0,4.845264656764168,0
0,43,1.7780971425695125,1
0,23,4.869306659577382,1
0,11,4.0506861200103526,1
1,0,4.252924107651284,0
0,17,3.368675108326438,1
1,0,0.928035483220998,0
0,11,3.11798959755172,1
0,8,3.6896491771731643,1
0,17,3.233016307801691,1
0,24,0.22731081931514574,1
0,33,4.635247435287603,1
1,0,3.005249042296086,0
1,0,4.866946806495751,0
0,11,4.143358682852252,1
0,47,1.587095469417323,1
0,35,2.6765798283032853,1
1,0,4.36477155059383,0
0,50,4.691503427402893,1
0,33,2.749926816880503,1
1,0,2.6445243899958752,0
1,0,0.01567014990989657,0
1,0,3.108451570280141,0
0,47,2.7283128256820395,1
1,0,0.5184050322712525,0
0,38,3.696882384590838,1
1,0,4.7580002261646674,0
0,31,2.7612687040861434,1
1,0,0.9434053930700215,0
1,0,2.6407035765130615,0
0,31,2.6171330181926122,1
0,13,4.079514233628142,1
0,48,3.825280229139296,1
0,27,1.5093929931997085,1
0,8,1.6668030940766043,1
1,0,2.229168153038617,0
0,11,4.6621913224689155,1
1,0,2.5156515671498294,0
1,0,2.2719381501781877,0
0,6,4.886429035031077,1
0,49,1.6931901623589118,1
1,0,3.81509138879329,0
1,0,0.6892603001471082,0
1,0,3.836862349159285,0
0,15,4.805550049712064,1
1,0,2.3765587285175753,0
1,0,4.458941527202651,0
1,0,2.796278644194912,0
1,0,2.4452656409589113,0
1,0,4.789692891743005,0
1,0,1.804064563464175,0
0,19,3.1880463754854556,1
1,0,2.6884538760130927,0
1,0,4.7230374712480465,0
0,6,0.35250685057007347,1
0,25,0.36920859628980784,1
0,27,3.379622304632903,1
